stive28,83d0f404-fa3c-3ac4-b521-3c557a8c8135
yuyu,be88faf9-6136-3a57-806c-bb13729fd38e
roipoulets,4f4161e4-9d3a-3166-9ba3-e32298c6c6bf
anaelle,2b86635e-e46f-33b1-acc8-b2afa5dfef54
abpx,73a25a8e-ffb0-3762-8e1d-982506a5651f
e0pzu2qgpxqoo5wp,46f4ef39-90ed-3f2f-a5fc-42ed839b4096
uchiwua,6c15f82d-3a14-3614-97eb-777c2f1f7346
xhljndrmxzkk5nur,9248b3e3-3fdf-3771-9d61-e0e619df5ffd
keylian_84,3b54bc31-274b-3d00-8d3a-66f5708437fb
markisrk,eb62cf08-396e-3247-aba0-1c4a6b35d350
wolficookie1,931b04a1-38be-3e20-a90c-008d09816277
didih62,9147045e-25e0-3563-b907-86757fd2a909
fienfia0_0,b1d38ce8-8be5-3113-8877-a22ec27994fb
el_six0s,a237817c-4f10-3c52-acf3-d673cfc66261
xgamming78,7710fec3-651d-3fcb-999b-08d70a4ce607
bigshotfr,069c0595-44de-30d8-944a-f567b24d5b36
inq4iezctlhftvja,645fd6af-1748-39b5-b58e-4cf3e01dbbcf
lb_titi,64ac8907-80ee-3546-a962-c39a11deb19c
test,530fa97a-357f-3c19-94d3-0c5c65c18fe8
patouchlamouche,b0b2facc-c4de-308a-ac5d-c849b800b3e8
clem_f15,53153c7a-8e8a-3a4c-b92e-fef19469dbf3
roipoulet,a6474465-6440-3c71-b44b-a2914ca5f0f5
mokmok,a2a1d0fb-41c6-35c4-87a8-855d22c2335d
_matmonboul_,30da6fdc-3c06-3d93-97a3-3090be339e67
destyxnia,795b4b1c-5357-31b3-93e8-931fa255e2b9
refssoulxd,af211f66-f140-3973-bd44-ef13b3139094
notolo,e78c49df-fd4b-3e6c-bb85-27a0d65ebe6f
zyumie,53cf5571-8e11-3ce1-90a0-003267330df2
faron,1478f9fb-accb-3f04-89e6-00f1517083b7
loetasec,4a286916-7b81-3317-a45c-33f4e5a04142
wteo0btmloytplnm,99bff1ff-6e2f-388c-b5f6-b1e2c7ba60f8
